table,source_field,source_type,db_column,db_type,key,nullable,decision,description,
security,—,—,security_id,bigint,PK,NO,add,Внутренний идентификатор акции в нашей БД,
security,SECID,"string, bytes=36",secid,text,"BK, UQ",NO,keep,"Код бумаги MOEX, например SBER",
security,BOARDID,"string, bytes=12",—,—,—,—,drop,"Код режима торгов, например TQBR",
security,SHORTNAME,"string, bytes=30",short_name,text,—,YES,keep,Краткое название бумаги,
security,PREVPRICE,double,—,—,—,—,drop,Цена предыдущего торгового дня,
security,LOTSIZE,int32,—,—,—,—,drop,Количество бумаг в торговом лоте,
security,FACEVALUE,double,face_value,numeric,—,YES,keep,Номинальная стоимость бумаги,
security,STATUS,"string, bytes=3",—,—,—,—,drop,Текущий статус бумаги на режиме торгов,
security,BOARDNAME,"string, bytes=381",—,—,—,—,drop,Название режима торгов,
security,DECIMALS,int32,—,—,—,—,drop,Количество знаков после запятой для отображения цены,
security,SECNAME,"string, bytes=90",name,text,—,YES,keep,Полное название ценной бумаги,
security,REMARKS,"string, bytes=24",—,—,—,—,drop,Дополнительное примечание MOEX,
security,MARKETCODE,"string, bytes=12",—,—,—,—,drop,Код рынка/классификации MOEX,
security,INSTRID,"string, bytes=12",—,—,—,—,drop,Классификационный код инструмента MOEX,
security,SECTORID,"string, bytes=12",—,—,—,—,drop,Код сектора MOEX, в нашей исследованной выборке не заполнен
security,MINSTEP,double,—,—,—,—,drop,Минимальный шаг цены,
security,PREVWAPRICE,double,—,—,—,—,drop,Средневзвешенная цена предыдущего торгового дня,
security,FACEUNIT,"string, bytes=12",face_currency_code,text,—,YES,keep,Валюта номинальной стоимости бумаги,
security,PREVDATE,date,—,—,—,—,drop,Дата предыдущих торговых значений,
security,ISSUESIZE,int64,issue_size,bigint,—,YES,keep,Количество ценных бумаг выпуска,
security,ISIN,"string, bytes=36",isin,text,candidate UQ,YES,keep,Международный идентификатор бумаги ISIN,
security,LATNAME,"string, bytes=90",latin_name,text,—,YES,keep,Название латиницей,
security,REGNUMBER,"string, bytes=90",reg_number,text,—,YES,keep,Государственный регистрационный номер выпуска,
security,PREVLEGALCLOSEPRICE,double,—,—,—,—,drop,Цена закрытия предыдущего периода из MOEX,
security,CURRENCYID,"string, bytes=12",currency_code,text,—,YES,keep,Код валюты инструмента/торговых данных,
security,SECTYPE,"string, bytes=3",security_type_code,text,—,YES,keep,Код типа ценной бумаги MOEX,
security,LISTLEVEL,int32,list_level,smallint,—,YES,keep,Уровень листинга бумаги,
security,SETTLEDATE,date,—,—,—,—,drop,Текущая расчётная дата торгов,
index,—,—,index_id,bigint,PK,NO,add,Внутренний идентификатор индекса в нашей БД,
index,indexid,string:36,index_code,text,"BK, UQ",NO,keep,"Код индекса MOEX, например IMOEX, MOEXFN",
index,shortname,string:765,short_name,text,—,NO,keep,Название индекса,
index,from,date:10,analytics_from,date,—,YES,keep,"Нижняя граница периода, указанная MOEX для данного analytics dataset",
index,till,date:10,analytics_till,date,—,YES,keep,"Верхняя граница периода, указанная MOEX для данного analytics dataset",
calendar,—,—,calendar_date,date,PK,NO,add,Календарная дата. Одна строка справочника соответствует одному календарному дню.,
calendar,—,—,period,integer,—,NO,add,Числовой идентификатор месяца в формате YYYYMM. Например август 2026 года — 202608.,
calendar,—,—,year,smallint,—,NO,add,Календарный год.,
calendar,—,—,quarter,smallint,—,NO,add,Номер квартала от 1 до 4.,
calendar,—,—,month_num,smallint,—,NO,add,Номер месяца от 1 до 12.,
calendar,—,—,month_name,text,—,NO,add,Наименование месяца,
calendar,—,—,day_of_month,smallint,—,NO,add,Номер дня месяца от 1 до 31.,
calendar,—,—,day_of_week,smallint,—,NO,add,Номер дня недели. Нумерацию 1–7 зафиксируем при реализации.,
calendar,—,—,day_of_week_name,text,—,NO,add,Наименование дня недели.,
currency,—,—,currency_id,bigint,PK,NO,add,Внутренний идентификатор валюты в нашей БД.,
currency,ID,string,cbr_id,text,"BK, UQ",NO,keep,Идентификатор валюты Банка России. Например R01235 для USD и R01375 для CNY.,
currency,Name,string,name,text,—,NO,keep,Название валюты на русском языке.,
currency,EngName,string,eng_name,text,—,YES,keep,Название валюты на английском языке.,
currency,Nominal,integer,nominal,integer,—,NO,keep,"Номинал валюты, для которого ЦБ публикует значение курса.",
currency,ParentCode,string,—,—,—,—,drop,Служебный родительский код из полного каталога ЦБ. В аналитике V1 применение не определено.,
currency,ISO_Num_Code,integer,iso_num_code,smallint,—,YES,keep,"Числовой код валюты ISO 4217. Например USD — 840, CNY — 156.",
currency,ISO_Char_Code,string,iso_char_code,text,UQ,NO,keep,"Буквенный код валюты ISO 4217: USD, CNY.",
security_daily,—,—,security_id,bigint,"PK, FK",NO,add,"Внешний ключ на security.security_id. При загрузке определяется по SECID, полученному от MOEX.",
security_daily,BOARDID,string,—,—,—,—,drop,"Код режима торгов. В V1 акции загружаются только с фиксированного режима TQBR, поэтому в таблице не хранится.",
security_daily,TRADEDATE,date,trade_date,date,PK,NO,keep,Торговая дата. Входит в PK и ссылается на calendar.calendar_date.,
security_daily,SHORTNAME,string,—,—,—,—,drop,Краткое название акции. Уже хранится в справочнике security.,
security_daily,SECID,string,—,—,—,—,drop,Код акции MOEX. Используется только для поиска соответствующего security.security_id при загрузке.,
security_daily,NUMTRADES,numeric,num_trades,bigint,—,YES,keep,Количество сделок по акции за торговый день.,
security_daily,VALUE,numeric,value,numeric,—,YES,keep,Денежный оборот торгов за день.,
security_daily,OPEN,numeric,open,numeric,—,YES,keep,Цена открытия торгового дня.,
security_daily,LOW,numeric,low,numeric,—,YES,keep,Минимальная цена за день.,
security_daily,HIGH,numeric,high,numeric,—,YES,keep,Максимальная цена за день.,
security_daily,LEGALCLOSEPRICE,numeric,—,—,—,—,drop,Расчётный показатель MOEX. Для аналитики V1 не требуется.,
security_daily,WAPRICE,numeric,waprice,numeric,—,YES,keep,Средневзвешенная цена сделок за торговый день.,
security_daily,CLOSE,numeric,close,numeric,—,YES,keep,Цена закрытия. Используется в расчётах доходности и других дневных метрик.,
security_daily,VOLUME,numeric,volume,numeric,—,YES,keep,Объём торгов в количестве ценных бумаг.,
security_daily,MARKETPRICE2,numeric,—,—,—,—,drop,Специализированный расчётный показатель MOEX. В задачах V1 не используется.,
security_daily,MARKETPRICE3,numeric,—,—,—,—,drop,Специализированный расчётный показатель MOEX. В задачах V1 не используется.,
security_daily,ADMITTEDQUOTE,numeric,—,—,—,—,drop,Дополнительный ценовой показатель MOEX. В V1 не используется.,
security_daily,MP2VALTRD,numeric,—,—,—,—,drop,"Стоимостный показатель MOEX, связанный с MARKETPRICE2.",
security_daily,MARKETPRICE3TRADESVALUE,numeric,—,—,—,—,drop,"Стоимостный показатель MOEX, связанный с MARKETPRICE3.",
security_daily,ADMITTEDVALUE,numeric,—,—,—,—,drop,Дополнительный стоимостный показатель MOEX.,
security_daily,WAVAL,numeric,—,—,—,—,drop,Дополнительный показатель MOEX. В V1 не используется.,
security_daily,TRADINGSESSION,integer,—,—,—,—,drop,Код торговой сессии. Отдельная аналитика по сессиям для дневных данных в V1 не предусмотрена.,
security_daily,CURRENCYID,string,—,—,—,—,drop,Валюта торгов. В дневной таблице не дублируется.,
security_daily,TRENDCLSPR,numeric,—,—,—,—,drop,"Процентное изменение цены закрытия. Может рассчитываться из close, поэтому отдельно не хранится.",
security_daily,TRADE_SESSION_DATE,date,—,—,—,—,drop,Дата торговой сессии. Для текущей модели достаточно TRADEDATE.,
index_daily,—,—,index_id,bigint,"PK, FK",NO,add,Внешний ключ на index.index_id. При загрузке определяется по SECID из данных MOEX.,
index_daily,BOARDID,string,board_code,text,—,NO,keep,Код режима торгов индекса. В текущем scope используются SNDX и RTSI.,
index_daily,SECID,string,—,—,—,—,drop,"Код индекса MOEX. Используется при загрузке для поиска соответствующего index.index_id, отдельно в таблице не хранится.",
index_daily,TRADEDATE,date,trade_date,date,PK,NO,keep,Торговая дата. Может связываться с calendar.calendar_date.,
index_daily,SHORTNAME,string,—,—,—,—,drop,Краткое название индекса. Хранится в справочнике index.,
index_daily,NAME,string,—,—,—,—,drop,Полное название индекса. Дублировать в ежедневных данных не требуется.,
index_daily,CLOSE,numeric,close,numeric,—,YES,keep,Значение индекса на закрытии торгового дня.,
index_daily,OPEN,numeric,open,numeric,—,YES,keep,Значение индекса на открытии.,
index_daily,HIGH,numeric,high,numeric,—,YES,keep,Максимальное значение индекса за день.,
index_daily,LOW,numeric,low,numeric,—,YES,keep,Минимальное значение индекса за день.,
index_daily,VALUE,numeric,—,—,—,—,drop,Дополнительный показатель VALUE из history MOEX. В запланированной аналитике индексов V1 отдельно не используется.,
index_daily,DURATION,numeric,—,—,—,—,drop,"Показатель MOEX, не используемый для выбранных фондовых индексов в V1.",
index_daily,YIELD,numeric,—,—,—,—,drop,Показатель доходности из ответа MOEX. Для выбранных индексов отдельно не используется, доходность рассчитывается из close.
index_daily,DECIMALS,integer,—,—,—,—,drop,Количество знаков после запятой для отображения значения индекса.,
index_daily,CAPITALIZATION,numeric,capitalization,numeric,—,YES,keep,Капитализация индекса на соответствующую дату.,
index_daily,CURRENCYID,string,—,—,—,—,drop,Код валюты индекса. Для текущего scope отдельное хранение в дневном факте не требуется.,
index_daily,DIVISOR,numeric,divisor,numeric,—,YES,keep,"Делитель индекса, используемый MOEX при расчёте значения индекса.",
index_daily,TRADINGSESSION,string/integer,—,—,—,—,drop,Торговая сессия. Отдельная аналитика по сессиям дневных индексов в V1 не предусмотрена.,
index_daily,VOLUME,numeric,—,—,—,—,drop,Поле объёма из history MOEX. В запланированной аналитике индексов V1 отдельно не используется.,
index_daily,TRADE_SESSION_DATE,date,—,—,—,—,drop,Дата торговой сессии. Для модели достаточно TRADEDATE.,
index_daily,RECALC_DATE,date,—,—,—,—,drop,"Дата перерасчёта, если она предоставляется MOEX. В исследованной выборке значения отсутствовали.",
candle_1m,—,—,security_id,bigint,FK,YES,add,"Ссылка на security.security_id. Заполняется для свечей акций по SECID, используемому в API-запросе. Для свечей индексов содержит NULL.",
candle_1m,—,—,index_id,bigint,FK,YES,add,"Ссылка на index.index_id. Заполняется для свечей индексов по SECID, используемому в API-запросе. Для свечей акций содержит NULL.",
candle_1m,begin,datetime,begin_ts,timestamp,—,NO,keep,Дата и время начала минутной свечи. Участвует в контроле уникальности свечи совместно с соответствующим ID инструмента.,
candle_1m,end,datetime,end_ts,timestamp,—,NO,keep,Дата и время окончания минутной свечи.,
candle_1m,open,double,open,numeric,—,YES,keep,Цена акции или значение индекса в начале минутного интервала.,
candle_1m,close,double,close,numeric,—,YES,keep,Цена акции или значение индекса в конце минутного интервала.,
candle_1m,high,double,high,numeric,—,YES,keep,Максимальная цена или значение инструмента за минутный интервал.,
candle_1m,low,double,low,numeric,—,YES,keep,Минимальная цена или значение инструмента за минутный интервал.,
candle_1m,value,double,value,numeric,—,YES,keep,Стоимостный показатель торгов за минутный интервал.,
candle_1m,volume,double,volume,numeric,—,YES,keep,Объём торгов за минутный интервал.,
dividend,—,—,security_id,bigint,"PK, FK",NO,add,Ссылка на security.security_id. При загрузке определяется по secid из ответа MOEX.,
dividend,secid,string,—,—,—,—,drop,"Код акции MOEX. Используется для определения security_id, отдельно в таблице не хранится.",
dividend,isin,string,—,—,—,—,drop,"ISIN акции. Уже хранится в справочнике security, поэтому здесь не дублируется.",
dividend,registryclosedate,date,registry_close_date,date,PK,NO,keep,Дата закрытия реестра для получения дивиденда. Вместе с security_id определяет дивидендное событие.,
dividend,value,numeric,dividend_value,numeric,—,YES,keep,Размер дивиденда на одну ценную бумагу.,
dividend,currencyid,string,currency_code,text,—,YES,keep,"Код валюты, в которой указан размер дивиденда.",
split,—,—,security_id,bigint,"PK, FK",NO,add,Ссылка на security.security_id. При загрузке определяется по secid из ответа MOEX.,
split,tradedate,date,trade_date,date,PK,NO,keep,Дата проведения сплита или консолидации.,
split,secid,string,—,—,—,—,drop,"Код акции MOEX. Используется для определения security_id, отдельно в таблице не хранится.",
split,before,numeric,ratio_before,numeric,—,NO,keep,Первая часть коэффициента изменения количества акций.,
split,after,numeric,ratio_after,numeric,—,NO,keep,Вторая часть коэффициента изменения количества акций.,
index_composition,—,—,index_id,bigint,"PK, FK",NO,add,Ссылка на index.index_id. Индекс определяется из контекста API-запроса.,
index_composition,—,—,security_id,bigint,"PK, FK",NO,add,Ссылка на security.security_id. Определяется по SECID акции из ответа MOEX.,
index_composition,from,date,date_from,date,PK,NO,keep,Начальная граница периода участия акции в индексе.,
index_composition,till,date,date_till,date,—,NO,keep,"Верхняя граница периода, возвращаемая MOEX. Пока сохраняется без дополнительной интерпретации.",
currency_rate,—,—,currency_id,bigint,"PK, FK",NO,add,Ссылка на currency.currency_id. Определяется по идентификатору валюты из ответа ЦБ.,
currency_rate,Id,string,—,—,—,—,drop,"Идентификатор валюты ЦБ. Используется для определения currency_id, отдельно в таблице не хранится.",
currency_rate,Date,date,rate_date,date,PK,NO,keep,"Дата, на которую установлен курс валюты.",
currency_rate,Nominal,integer,nominal,integer,—,NO,keep,"Количество единиц иностранной валюты, к которому относится значение Value.",
currency_rate,Value,numeric,rate_value,numeric,—,NO,keep,Официальный курс в рублях для указанного nominal.,
currency_rate,VunitRate,numeric,unit_rate,numeric,—,NO,keep,Курс в рублях за одну единицу иностранной валюты.,
currency_rate,ISO_Char_Code,string,—,—,—,—,drop,Буквенный код валюты. Уже хранится в справочнике currency.,
key_rate,DT,date/datetime,rate_date,date,PK,NO,keep,"Дата, на которую указано значение ключевой ставки Банка России.",
key_rate,Rate,numeric,rate,numeric,—,NO,keep,Значение ключевой ставки Банка России в процентах годовых.,
