table,source_table,source_field,source_type,db_column,db_type,key,nullable,decision,calculation_rule,description
security_daily_metrics,dwh.security_daily,security_id,bigint,security_id,bigint,"PK, FK",NO,keep,copy,Внутренний идентификатор акции; FK на dwh.security.security_id
security_daily_metrics,dwh.security_daily,trade_date,date,trade_date,date,PK,NO,keep,copy,Завершённая торговая дата; вместе с security_id определяет зерно витрины
security_daily_metrics,dwh.security_daily,num_trades,bigint,num_trades,bigint,—,YES,keep,copy,Фактическое количество сделок за торговый день
security_daily_metrics,dwh.security_daily,value,double precision,value,double precision,—,YES,keep,copy,Фактический денежный оборот за торговый день
security_daily_metrics,dwh.security_daily,open,double precision,open,double precision,—,YES,keep,copy,Фактическая цена открытия торгового дня
security_daily_metrics,dwh.security_daily,low,double precision,low,double precision,—,YES,keep,copy,Минимальная цена торгового дня
security_daily_metrics,dwh.security_daily,high,double precision,high,double precision,—,YES,keep,copy,Максимальная цена торгового дня
security_daily_metrics,dwh.security_daily,waprice,double precision,waprice,double precision,—,YES,keep,copy,Средневзвешенная цена торгового дня из MOEX
security_daily_metrics,dwh.security_daily,close,double precision,close,double precision,—,YES,keep,copy,Фактическая цена закрытия торгового дня
security_daily_metrics,dwh.security_daily,volume,double precision,volume,double precision,—,YES,keep,copy,Фактическое количество проторгованных бумаг за день
security_daily_metrics,dwh.security_daily,"open, close",double precision,price_change_1d,double precision,—,YES,calculate,close / open - 1,Изменение цены внутри текущего завершённого торгового дня; хранится как доля
security_daily_metrics,dwh.security_daily,"open, close, trade_date","double precision, date",price_change_1w,double precision,—,YES,calculate,close(trade_date) / open(first available trade row in [trade_date - 1 week; trade_date]) - 1,Изменение цены за календарную неделю по фактически доступным торговым строкам внутри окна
security_daily_metrics,dwh.security_daily,"open, close, trade_date","double precision, date",price_change_1m,double precision,—,YES,calculate,close(trade_date) / open(first available trade row in [trade_date - 1 month; trade_date]) - 1,Изменение цены за календарный месяц по фактически доступным торговым строкам внутри окна
security_daily_metrics,dwh.security_daily,"open, close, trade_date","double precision, date",price_change_3m,double precision,—,YES,calculate,close(trade_date) / open(first available trade row in [trade_date - 3 months; trade_date]) - 1,Изменение цены за три календарных месяца по фактически доступным торговым строкам внутри окна
security_daily_metrics,dwh.security_daily,"value, trade_date","double precision, date",avg_value_1w,double precision,—,YES,calculate,AVG(value) over available rows in [trade_date - 1 week; trade_date],Средний дневной денежный оборот за календарную неделю
security_daily_metrics,dwh.security_daily,"value, trade_date","double precision, date",avg_value_1m,double precision,—,YES,calculate,AVG(value) over available rows in [trade_date - 1 month; trade_date],Средний дневной денежный оборот за календарный месяц
security_daily_metrics,dwh.security_daily,"value, trade_date","double precision, date",avg_value_3m,double precision,—,YES,calculate,AVG(value) over available rows in [trade_date - 3 months; trade_date],Средний дневной денежный оборот за три календарных месяца
security_daily_metrics,dwh.security_daily,"volume, trade_date","double precision, date",avg_volume_1w,double precision,—,YES,calculate,AVG(volume) over available rows in [trade_date - 1 week; trade_date],Средний дневной объём проторгованных бумаг за календарную неделю
security_daily_metrics,dwh.security_daily,"volume, trade_date","double precision, date",avg_volume_1m,double precision,—,YES,calculate,AVG(volume) over available rows in [trade_date - 1 month; trade_date],Средний дневной объём проторгованных бумаг за календарный месяц
security_daily_metrics,dwh.security_daily,"volume, trade_date","double precision, date",avg_volume_3m,double precision,—,YES,calculate,AVG(volume) over available rows in [trade_date - 3 months; trade_date],Средний дневной объём проторгованных бумаг за три календарных месяца
security_daily_metrics,dwh.security_daily,"num_trades, trade_date","bigint, date",avg_num_trades_1w,bigint,—,YES,calculate,ROUND(AVG(num_trades))::BIGINT over available rows in [trade_date - 1 week; trade_date],"Среднее дневное количество сделок за календарную неделю, округлённое до целого"
security_daily_metrics,dwh.security_daily,"num_trades, trade_date","bigint, date",avg_num_trades_1m,bigint,—,YES,calculate,ROUND(AVG(num_trades))::BIGINT over available rows in [trade_date - 1 month; trade_date],"Среднее дневное количество сделок за календарный месяц, округлённое до целого"
security_daily_metrics,dwh.security_daily,"num_trades, trade_date","bigint, date",avg_num_trades_3m,bigint,—,YES,calculate,ROUND(AVG(num_trades))::BIGINT over available rows in [trade_date - 3 months; trade_date],"Среднее дневное количество сделок за три календарных месяца, округлённое до целого"
security_daily_metrics,dwh.security_daily,"close, trade_date","double precision, date",volatility_1w,double precision,—,YES,calculate,STDDEV_SAMP(close_t / close_(t-1) - 1) using only consecutive closes inside [trade_date - 1 week; trade_date],Выборочное стандартное отклонение дневных close-to-close изменений внутри календарной недели; не annualized
security_daily_metrics,dwh.security_daily,"close, trade_date","double precision, date",volatility_1m,double precision,—,YES,calculate,STDDEV_SAMP(close_t / close_(t-1) - 1) using only consecutive closes inside [trade_date - 1 month; trade_date],Выборочное стандартное отклонение дневных close-to-close изменений внутри календарного месяца; не annualized
security_daily_metrics,dwh.security_daily,"close, trade_date","double precision, date",volatility_3m,double precision,—,YES,calculate,STDDEV_SAMP(close_t / close_(t-1) - 1) using only consecutive closes inside [trade_date - 3 months; trade_date],Выборочное стандартное отклонение дневных close-to-close изменений внутри трёх календарных месяцев; не annualized
